epoch,batch_size,train_loss,train_acc,val_loss,val_acc,epoch_time_sec
1,64,1.329979418440258,51.01123595505618,1.22301970799764,54.1875,2169.690169811249
2,64,1.1321114791139086,58.53682896379525,1.192672353585561,56.56250000000001,2138.983380317688
3,64,1.0253574777155483,62.72159800249688,1.1969786568482716,59.020833333333336,2106.9714691638947
4,64,0.9341529794697756,65.68039950062422,1.203549055258433,57.64583333333333,2104.8028988838196
5,64,0.8377985925650626,68.89138576779025,1.2337685624758403,59.5,2108.5224335193634
6,64,0.7456991765591386,71.66791510611735,1.3057778406143188,57.895833333333336,2107.139797925949
7,64,0.6719840533307727,73.64544319600499,1.394414214293162,59.54166666666667,2109.7259171009064
