model,epoch,batch_size,train_loss,train_acc,val_loss,val_acc,epoch_time_sec
MobileNetV2,1,64,1.3730479108796139,48.249687890137324,1.2574238173166912,54.6875,2065.8946022987366
MobileNetV2,2,64,1.159323088947158,57.642946317103615,1.2295921556154887,56.604166666666664,2059.980119228363
MobileNetV2,3,64,1.0628934218315,61.27340823970038,1.1807634751001994,57.729166666666664,2059.56627202034
MobileNetV2,4,64,0.9882535359683853,63.60799001248439,1.2177019810676575,56.729166666666664,2062.838947057724
MobileNetV2,5,64,0.9143429503458717,66.21223470661673,1.1954345162709554,58.8125,2096.427817106247
MobileNetV2,6,64,0.8404258992252278,68.81647940074906,1.250385292371114,57.47916666666667,2076.0652356147766
MobileNetV2,7,64,0.7786028979541955,70.4394506866417,1.3309923024972279,59.166666666666664,2064.429210662842
MobileNetV2,8,64,0.7066477865672737,72.67415730337079,1.3603780428568522,59.979166666666664,2064.421898841858
