model,stopped_epoch,best_val_loss_epoch,best_val_loss,val_acc_at_best_loss,best_val_acc_epoch,best_val_acc,total_train_time_min
EfficientNet-B0,7,2,1.192672353585561,56.56250000000001,7,59.54166666666667,247.43060111204784
MobileNetV2,8,3,1.1807634751001994,57.72916666666666,8,59.97916666666666,275.8270683805148
